﻿<?xml version="1.0" encoding="utf-8" standalone="yes"?>
<addon id="repository.tobalan" name="Tibi Repository" version="2.0.1" provider-name="Tibi">
  <extension point="xbmc.addon.repository" name="Tibi Repository">
    <dir minversion="19.1">
      <info compressed="false">https://tobalan.github.io/addons.xml</info>
      <checksum>https://tobalan.github.io/addons.xml.md5</checksum>
      <datadir zip="true">https://tobalan.github.io/Zips</datadir>
    </dir>
  </extension>
  <extension point="xbmc.addon.metadata">
    <summary>TobAlan Repository for Kodi</summary>
    <description>A Repository for Streaming Add-ons of Indian OTT Providers</description>
    <platform>all</platform>
    <assets>
      <icon>icon.png</icon>
      <fanart>fanart.jpg</fanart>
      <clearlogo>icon.png</clearlogo>
    </assets>
  </extension>
</addon>